name,result,clausification_ms,proving_ms,annotation_ms,total_ms,initial_flats,initial_impls,learned_flats,total_clauses
"fresh-tail-n001.txt",valid,2.182,158.527,0.378,161.087,49,20,18,87
"fresh-tail-n002.txt",valid,0.617,85.815,0.317,86.750,51,21,17,89
"fresh-tail-n003.txt",valid,0.642,147.841,0.290,148.774,53,22,20,95
"fresh-tail-n004.txt",valid,0.583,107.448,0.318,108.349,55,23,21,99
"fresh-tail-n005.txt",valid,0.638,143.501,3.549,147.688,57,24,22,103
"fresh-tail-n006.txt",valid,0.683,186.354,0.383,187.420,59,25,26,110
"fresh-tail-n007.txt",valid,0.692,227.445,0.411,228.548,61,26,26,113
"fresh-tail-n008.txt",valid,0.865,206.631,4.772,212.268,63,27,25,115
"fresh-tail-n009.txt",valid,0.871,258.126,0.478,259.476,65,28,28,121
"fresh-tail-n010.txt",valid,2.032,233.162,0.347,235.542,67,29,27,123
"fresh-tail-n011.txt",valid,1.606,223.329,4.865,229.800,69,30,28,127
"fresh-tail-n012.txt",valid,0.824,336.200,0.414,337.439,71,31,29,131
"fresh-tail-n013.txt",valid,1.002,391.975,0.477,393.455,73,32,35,140
"fresh-tail-n014.txt",valid,1.027,331.486,0.442,332.956,75,33,31,139
"fresh-tail-n015.txt",valid,1.557,389.269,0.390,391.217,77,34,33,144
"fresh-tail-n016.txt",valid,1.155,407.568,0.403,409.126,79,35,35,149
"fresh-tail-n017.txt",valid,1.109,529.326,0.440,530.876,81,36,33,150
"fresh-tail-n018.txt",valid,1.301,553.053,6.713,561.068,83,37,34,154
"fresh-tail-n019.txt",valid,1.322,553.438,7.664,562.425,85,38,36,159
"fresh-tail-n020.txt",valid,1.368,605.892,0.492,607.752,87,39,37,163
"fresh-tail-n021.txt",valid,1.864,595.228,0.496,597.588,89,40,37,166
"fresh-tail-n022.txt",valid,1.526,558.114,0.345,559.986,91,41,38,170
"fresh-tail-n023.txt",valid,1.617,580.104,0.423,582.145,93,42,40,175
"fresh-tail-n024.txt",valid,1.309,500.341,0.395,502.045,95,43,40,178
"fresh-tail-n025.txt",valid,2.041,549.477,0.383,551.901,97,44,43,184
"fresh-tail-n026.txt",valid,1.919,674.661,0.376,676.956,99,45,46,190
"fresh-tail-n027.txt",valid,1.786,647.590,0.373,649.749,101,46,45,192
"fresh-tail-n028.txt",valid,1.329,323.833,0.370,325.533,103,47,44,194
"fresh-tail-n029.txt",valid,1.244,342.790,0.402,344.437,105,48,45,198
"fresh-tail-n030.txt",valid,1.402,512.516,0.380,514.299,107,49,46,202
"fresh-tail-n031.txt",valid,2.423,849.957,0.343,852.724,109,50,50,209
"fresh-tail-n032.txt",valid,3.076,462.750,0.304,466.130,111,51,49,211
"fresh-tail-n033.txt",valid,1.205,498.402,0.286,499.892,113,52,49,214
"fresh-tail-n034.txt",valid,1.978,885.073,0.303,887.355,115,53,53,221
"fresh-tail-n035.txt",valid,1.939,463.278,0.302,465.519,117,54,51,222
"fresh-tail-n036.txt",valid,1.274,785.833,0.277,787.385,119,55,54,228
"fresh-tail-n037.txt",valid,3.223,828.430,0.322,831.976,121,56,54,231
"fresh-tail-n038.txt",valid,2.728,488.853,2.322,493.904,123,57,52,232
"fresh-tail-n039.txt",valid,1.558,904.861,0.411,906.830,125,58,57,240
"fresh-tail-n040.txt",valid,5.942,783.204,2.590,791.736,127,59,57,243
"fresh-tail-n041.txt",valid,1.699,741.611,2.272,745.582,129,60,58,247
"fresh-tail-n042.txt",valid,1.563,609.204,0.649,611.417,131,61,60,252
"fresh-tail-n043.txt",valid,2.363,1029.626,0.265,1032.255,133,62,61,256
"fresh-tail-n044.txt",valid,1.778,916.984,0.330,919.092,135,63,60,258
"fresh-tail-n045.txt",valid,2.143,578.230,0.353,580.726,137,64,61,262
"fresh-tail-n046.txt",valid,5.256,1052.511,0.308,1058.076,139,65,64,268
"fresh-tail-n047.txt",valid,2.098,1113.634,0.350,1116.084,141,66,65,272
"fresh-tail-n048.txt",valid,2.954,1170.224,0.277,1173.455,143,67,67,277
"fresh-tail-n049.txt",valid,2.542,812.181,0.307,815.030,145,68,65,278
"fresh-tail-n050.txt",valid,2.059,901.212,0.427,903.698,147,69,67,283
"fresh-tail-n051.txt",valid,3.471,2228.613,0.378,2232.462,149,70,71,290
"fresh-tail-n052.txt",valid,3.001,1907.686,0.475,1911.162,151,71,73,295
"fresh-tail-n053.txt",valid,4.107,2558.544,0.490,2563.141,153,72,70,295
"fresh-tail-n054.txt",valid,3.967,2252.572,0.493,2257.032,155,73,73,301
"fresh-tail-n055.txt",valid,3.991,3092.948,0.443,3097.382,157,74,73,304
"fresh-tail-n056.txt",valid,3.892,1510.869,0.426,1515.187,159,75,72,306
"fresh-tail-n057.txt",valid,4.693,1021.923,5.886,1032.503,161,76,72,309
"fresh-tail-n058.txt",valid,4.122,1428.541,0.466,1433.129,163,77,75,315
"fresh-tail-n059.txt",valid,4.204,2178.727,3.654,2186.586,165,78,74,317
"fresh-tail-n060.txt",valid,4.227,2936.782,0.479,2941.488,167,79,77,323
"fresh-tail-n061.txt",valid,3.925,1724.946,0.470,1729.341,169,80,77,326
"fresh-tail-n062.txt",valid,4.654,2623.588,0.424,2628.667,171,81,79,331
"fresh-tail-n063.txt",valid,3.943,1417.034,0.453,1421.431,173,82,82,337
"fresh-tail-n064.txt",valid,4.175,3216.483,0.434,3221.092,175,83,82,340
"fresh-tail-n065.txt",valid,3.773,1054.560,0.402,1058.736,177,84,82,343
"fresh-tail-n066.txt",valid,3.438,3750.368,0.420,3754.227,179,85,84,348
"fresh-tail-n067.txt",valid,3.513,1248.215,0.387,1252.114,181,86,83,350
"fresh-tail-n068.txt",valid,3.675,4099.938,0.487,4104.100,183,87,91,361
"fresh-tail-n069.txt",valid,4.530,4139.833,0.586,4144.949,185,88,87,360
"fresh-tail-n070.txt",valid,5.541,4706.079,0.463,4712.083,187,89,87,363
"fresh-tail-n071.txt",valid,4.059,4670.515,0.508,4675.081,189,90,89,368
"fresh-tail-n072.txt",valid,4.702,1631.489,2.486,1638.677,191,91,88,370
"fresh-tail-n073.txt",valid,4.020,798.720,0.483,803.223,193,92,89,374
"fresh-tail-n074.txt",valid,6.212,2031.638,0.512,2038.362,195,93,90,378
"fresh-tail-n075.txt",valid,5.599,5038.298,0.504,5044.402,197,94,94,385
"fresh-tail-n076.txt",valid,4.916,1996.397,0.577,2001.890,199,95,92,386
"fresh-tail-n077.txt",valid,6.125,5536.395,0.488,5543.008,201,96,98,395
"fresh-tail-n078.txt",valid,4.414,2242.568,0.541,2247.523,203,97,94,394
"fresh-tail-n079.txt",valid,5.439,5140.002,0.438,5145.880,205,98,98,401
"fresh-tail-n080.txt",valid,5.237,2627.198,2.966,2635.400,207,99,97,403
"fresh-tail-n081.txt",valid,5.720,3917.241,2.684,3925.644,209,100,96,405
"fresh-tail-n082.txt",valid,4.963,3363.947,0.489,3369.400,211,101,98,410
"fresh-tail-n083.txt",valid,5.909,2299.474,0.388,2305.770,213,102,100,415
"fresh-tail-n084.txt",valid,4.594,1868.411,0.486,1873.491,215,103,101,419
"fresh-tail-n085.txt",valid,5.614,2392.337,0.433,2398.384,217,104,102,423
"fresh-tail-n086.txt",valid,5.679,2769.368,0.580,2775.627,219,105,104,428
"fresh-tail-n087.txt",valid,6.914,3931.306,0.617,3938.837,221,106,108,435
"fresh-tail-n088.txt",valid,7.303,2466.545,0.573,2474.421,223,107,104,434
"fresh-tail-n089.txt",valid,6.864,5119.596,0.483,5126.943,225,108,108,441
"fresh-tail-n090.txt",valid,6.282,3430.569,1.792,3438.643,227,109,110,446
"fresh-tail-n091.txt",valid,5.530,2244.365,2.858,2252.754,229,110,107,446
"fresh-tail-n092.txt",valid,6.277,4026.756,0.707,4033.741,231,111,108,450
"fresh-tail-n093.txt",valid,8.849,3837.155,0.629,3846.633,233,112,108,453
"fresh-tail-n094.txt",valid,7.569,2716.503,2.755,2726.827,235,113,110,458
"fresh-tail-n095.txt",valid,6.954,2595.048,3.114,2605.116,237,114,110,461
"fresh-tail-n096.txt",valid,7.838,3635.147,0.598,3643.583,239,115,112,466
"fresh-tail-n097.txt",valid,6.735,3635.314,2.480,3644.530,241,116,112,469
"fresh-tail-n098.txt",valid,5.711,2415.858,0.636,2422.204,243,117,113,473
"fresh-tail-n099.txt",valid,8.825,2968.132,3.625,2980.582,245,118,114,477
"fresh-tail-n100.txt",valid,11.135,11931.339,0.631,11943.106,247,119,117,483
